id;name;date_created;date_updated;catalog_item_id
1;function;2021-04-06T03:17:12;2021-04-05T23:03:54;24236
2;Credit Card Account revolutionary Fork;2021-04-05T20:04:51;2021-04-06T13:12:38;65331
3;paradigms;2021-04-06T02:56:00;2021-04-06T12:42:16;60658
4;Soft;2021-04-05T19:30:33;2021-04-06T06:49:52;73868
5;Central African Republic regional Engineer;2021-04-05T22:51:50;2021-04-06T16:08:31;11085
6;SMTP;2021-04-06T08:41:06;2021-04-05T18:02:16;85435
7;Customer Indiana Grocery;2021-04-06T02:51:56;2021-04-05T18:29:07;76189
8;California auxiliary turn-key;2021-04-06T00:21:54;2021-04-06T03:55:32;36754
9;e-markets client-driven;2021-04-06T08:14:10;2021-04-06T04:46:42;19832
10;Personal Loan Account;2021-04-06T09:33:19;2021-04-06T04:36:35;81218
